{"cameraMode":{"drawMode":0,"name":"Shaded","section":"Shading Mode"},"sceneLighting":true,"audioPlay":false,"sceneViewState":{"m_AlwaysRefresh":false,"showFog":true,"showSkybox":true,"showFlares":true,"showImageEffects":true,"showParticleSystems":true,"showVisualEffectGraphs":true,"m_FxEnabled":true},"in2DMode":false,"pivot":{"x":505.940673828125,"y":400.37054443359377,"z":133.5164794921875},"rotation":{"x":0.1971600204706192,"y":0.06465236842632294,"z":-0.013030932284891606,"w":0.9781572818756104},"size":271.26727294921877,"orthographic":false}